name,Count,Avg Duration (us),Total Duration (us)
_ZN8internal5gemvx6kernelIii6__halfS2_S2_fLb0ELb1ELb1ELb0ELi6ELb0E18cublasGemvParamsExIi30cublasGemvTensorStridedBatchedIKS2_ES6_S4_IS2_EfEEENSt9enable_ifIXntT5_EvE4typeET11_,3140,98.95,310718.301
_ZN8internal5gemvx6kernelIii6__halfS2_S2_fLb0ELb1ELb1ELb0ELi7ELb0E18cublasGemvParamsExIi30cublasGemvTensorStridedBatchedIKS2_ES6_S4_IS2_EfEEENSt9enable_ifIXntT5_EvE4typeET11_,7600,32.6,247723.43
_ZN2at6native27unrolled_elementwise_kernelIZZZNS0_23direct_copy_kernel_cudaERNS_18TensorIteratorBaseEENKUlvE1_clEvENKUlvE5_clEvEUlfE_St5arrayIPcLm2EELi4E23TrivialOffsetCalculatorILi1EjESB_NS0_6memory12LoadWithCastILi1EEENSC_13StoreWithCastILi1EEEEEviT_T0_T2_T3_T4_T5_,8300,13.26,110027.694
_ZN2at6native29vectorized_elementwise_kernelILi4EZNS0_24float16_copy_kernel_cudaERNS_18TensorIteratorBaseEEUlfE_St5arrayIPcLm2EEEEviT0_T1_,6700,12.64,84656.192
_ZN2at6native18elementwise_kernelILi128ELi4EZNS0_22gpu_kernel_impl_nocastINS0_13BinaryFunctorIN3c104HalfES5_S5_NS0_15binary_internal10MulFunctorIfEEEEEEvRNS_18TensorIteratorBaseERKT_EUliE_EEviT1_,6565,12.79,83944.427
_ZN2at6native29vectorized_elementwise_kernelILi4ENS0_15CUDAFunctor_addIN3c104HalfEEESt5arrayIPcLm3EEEEviT0_T1_,6240,10.23,63849.372
_ZN2at6native29vectorized_elementwise_kernelILi4ENS0_13BinaryFunctorIN3c104HalfES4_S4_NS0_15binary_internal10MulFunctorIfEEEESt5arrayIPcLm3EEEEviT0_T1_,4735,9.1,43084.442
_ZN2at6native29vectorized_elementwise_kernelILi4ENS0_21CUDAFunctorOnSelf_addIfEESt5arrayIPcLm2EEEEviT0_T1_,3300,13.05,43072.113
_ZN2at6native18elementwise_kernelILi128ELi4EZNS0_22gpu_kernel_impl_nocastIZZZNS0_15neg_kernel_cudaERNS_18TensorIteratorBaseEENKUlvE0_clEvENKUlvE6_clEvEUlN3c104HalfEE_EEvS4_RKT_EUliE_EEviT1_,3200,13.15,42078.121
_ZN2at6native13reduce_kernelILi512ELi1ENS0_8ReduceOpIfNS0_7MeanOpsIffffEEjfLi4ELi4EEEEEvT1_,3300,12.59,41535.396
_ZN2at6native18elementwise_kernelILi128ELi2EZNS0_22gpu_kernel_impl_nocastIZZZNS0_23direct_copy_kernel_cudaERNS_18TensorIteratorBaseEENKUlvE1_clEvENKUlvE5_clEvEUlfE_EEvS4_RKT_EUliE_EEviT1_,3200,12.98,41530.27
_ZN2at6native40_GLOBAL__N__0f1a8107_8_Shape_cu_49f7391c19CatArrayBatchedCopyINS1_10OpaqueTypeILj2EEEjLi4ELi64ELi64EEEvPT_NS1_25CatArrInputTensorMetadataIS5_T0_XT2_EXT3_EEENS1_16TensorSizeStrideIS8_Lj4EEEiS8_,3360,12.17,40877.424
_ZN2at6native29vectorized_elementwise_kernelILi4EZNS0_51_GLOBAL__N__b1108092_12_PowKernel_cu_3c5cba40_2222229pow_tensor_scalar_kernel_implIffEEvRNS_18TensorIteratorBaseET0_EUlfE_St5arrayIPcLm2EEEEviS6_T1_,3300,12.3,40591.552
_ZN2at6native29vectorized_elementwise_kernelILi4ENS0_13AUnaryFunctorIfffNS0_15binary_internal10MulFunctorIfEEEESt5arrayIPcLm2EEEEviT0_T1_,3400,11.42,38821.496
_ZN2at6native18elementwise_kernelILi128ELi2EZNS0_22gpu_kernel_impl_nocastINS0_13BinaryFunctorIfffNS0_15binary_internal10MulFunctorIfEEEEEEvRNS_18TensorIteratorBaseERKT_EUliE_EEviT1_,3300,11.36,37496.956
_ZN2at6native40_GLOBAL__N__0f1a8107_8_Shape_cu_49f7391c30CatArrayBatchedCopy_vectorizedINS1_10OpaqueTypeILj2EEEjLi3ELi128ELi1ELi16ELi8EEEvPcNS1_25CatArrInputTensorMetadataIT_T0_XT2_EXT3_EEENS1_16TensorSizeStrideIS8_Lj4EEEiS8_,2880,12.4,35706.746
_ZN2at6native29vectorized_elementwise_kernelILi4EZZZNS0_17rsqrt_kernel_cudaERNS_18TensorIteratorBaseEENKUlvE0_clEvENKUlvE0_clEvEUlfE_St5arrayIPcLm2EEEEviT0_T1_,3300,10.51,34684.524
_ZN2at6native13reduce_kernelILi512ELi1ENS0_8ReduceOpIbNS0_14func_wrapper_tIbZZZNS0_15and_kernel_cudaERNS_14TensorIteratorEENKUlvE_clEvENKUlvE10_clEvEUlbbE_EEjbLi4ELi4EEEEEvT1_,1700,13.89,23612.817
_Z17gemv2T_kernel_valIiiffffLi128ELi16ELi2ELi2ELb0ELb0E18cublasGemvParamsExIi30cublasGemvTensorStridedBatchedIKfES3_S1_IfEfEEvT11_T4_S7_,1520,13.84,21033.939
_ZN2at6native29vectorized_elementwise_kernelILi4ENS0_11FillFunctorIfEESt5arrayIPcLm1EEEEviT0_T1_,1760,11.03,19408.679
_ZN2at6native43_GLOBAL__N__b6de9c8c_10_SoftMax_cu_9f978f6319cunn_SoftMaxForwardILi4EfffNS1_22SoftMaxForwardEpilogueEEEvPT2_PKT0_i,200,94.09,18818.608
_ZN8internal5gemvx6kernelIiiffffLb0ELb1ELb0ELb0ELi7ELb0E18cublasGemvParamsExIi30cublasGemvTensorStridedBatchedIKfES5_S3_IfEfEEENSt9enable_ifIXntT5_EvE4typeET11_,1520,12.36,18781.252
_ZN2at6native18elementwise_kernelILi128ELi2EZNS0_22gpu_kernel_impl_nocastIZZZNS0_49_GLOBAL__N__d2ba64fb_16_TensorCompare_cu_71e06f4e17where_kernel_implERNS_14TensorIteratorEENKUlvE_clEvENKUlvE9_clEvEUlbffE_EEvRNS_18TensorIteratorBaseERKT_EUliE_EEviT1_,1680,10.1,16963.613
_ZN2at6native29vectorized_elementwise_kernelILi4EZZZNS0_49_GLOBAL__N__d2ba64fb_16_TensorCompare_cu_71e06f4e20isneginf_kernel_implERNS_18TensorIteratorBaseEENKUlvE_clEvENKUlvE0_clEvEUlfE_St5arrayIPcLm2EEEEviT0_T1_,1600,10.3,16484.612
_ZN2at6native29vectorized_elementwise_kernelILi4EZZZNS0_62_GLOBAL__N__7d4ed096_23_ActivationSiluKernel_cu_3c5cba40_1574811silu_kernelERNS_18TensorIteratorBaseEENKUlvE_clEvENKUlvE3_clEvEUlN3c104HalfEE_St5arrayIPcLm2EEEEviT0_T1_,1600,9.53,15247.297
_ZN7cutlass7Kernel2I66cutlass_75_wmma_tensorop_f16_s161616gemm_f16_16x16_128x2_tn_align8EEvNT_6ParamsE,400,33.99,13597.399
turing_fp16_s1688gemm_fp16_128x64_sliced1x2_ldg8_f2f_tn,160,78.97,12635.496
_ZN43_GLOBAL__N__b6de9c8c_10_SoftMax_cu_9f978f6320softmax_warp_forwardIfffLi5ELb0ELb0EEEvPT0_PKT_iiiPKbib,960,12.21,11718.743
_ZN43_GLOBAL__N__b6de9c8c_10_SoftMax_cu_9f978f6320softmax_warp_forwardIfffLi4ELb0ELb0EEEvPT0_PKT_iiiPKbib,640,12.72,8141.606
_ZN14at_cuda_detail3cub29DeviceRadixSortOnesweepKernelINS0_21DeviceRadixSortPolicyIfN2at4cuda3cub6detail10OpaqueTypeILi8EEEyE9Policy900ELb0EfS8_yiiNS0_6detail21identity_decomposer_tEEEvPT5_SE_PT3_PKSF_PT1_PKSJ_PT2_PKSN_T4_iiT6_,400,15.58,6231.932
_ZN2at6native29vectorized_elementwise_kernelILi4ENS0_11FillFunctorIbEESt5arrayIPcLm1EEEEviT0_T1_,385,12.55,4829.845
_ZN2at6native13reduce_kernelILi512ELi1ENS0_8ReduceOpIfNS0_9ArgMaxOpsIfEEjlLi4ELi4EEEEEvT1_,100,46.48,4648.187
_ZN2at6native18elementwise_kernelILi128ELi4EZNS0_22gpu_kernel_impl_nocastIZZZNS0_23direct_copy_kernel_cudaERNS_18TensorIteratorBaseEENKUlvE1_clEvENKUlvE8_clEvEUlN3c104HalfEE_EEvS4_RKT_EUliE_EEviT1_,320,13.15,4208.257
_ZN2at6native6mbtopk18computeDigitCumSumEPsPjj,400,9.42,3766.372
_ZN2at6native29vectorized_elementwise_kernelILi4EZNS0_21compare_scalar_kernelIfEEvRNS_18TensorIteratorBaseENS0_50_GLOBAL__N__e50ef81d_17_CompareKernels_cu_8f1b29aa6OpTypeET_EUlfE_St5arrayIPcLm2EEEEviT0_T1_,300,12.29,3687.9900000000002
_ZN2at6native44_GLOBAL__N__50c743a2_11_Indexing_cu_89862edb21indexSelectSmallIndexIN3c104HalfEljLi2ELi2ELin2EEEvNS_4cuda6detail10TensorInfoIT_T1_EENS7_IKS8_S9_EENS7_IKT0_S9_EEiiS9_l,100,34.91,3491.338
_ZN2at6native6mbtopk29computeBlockwiseWithinKCountsIjfEEvPT_PsPjS6_jibS6_PT0_S6_S4_j,400,7.73,3090.328
_ZN2at6native6mbtopk23computeBlockDigitCountsIfjjLi1EEEvNS_4cuda6detail10TensorInfoIKT_T0_EEjPjjS8_iijT1_PSB_Ps,400,7.66,3062.009
_ZN14at_cuda_detail3cub20DeviceScanInitKernelINS0_13ScanTileStateIlLb1EEEEEvT_i,105,27.05,2840.697
_ZN2at6native13reduce_kernelILi512ELi1ENS0_8ReduceOpIfNS0_14func_wrapper_tIfNS0_13MaxNanFunctorIfEEEEjfLi4ELi4EEEEEvT1_,100,27.48,2747.564
_ZN2at6native13reduce_kernelILi512ELi1ENS0_8ReduceOpIfNS0_14func_wrapper_tIfZNS0_11sum_functorIfffEclERNS_14TensorIteratorEEUlffE_EEjfLi4ELi4EEEEEvT1_,100,27.28,2728.274
_ZN2at6native13reduce_kernelILi512ELi1ENS0_8ReduceOpIfNS0_14func_wrapper_tIfNS0_13MinNanFunctorIfEEEEjfLi4ELi4EEEEEvT1_,100,26.58,2658.444
_ZN2at6native29vectorized_elementwise_kernelILi4ENS0_13BinaryFunctorIbbbNS0_16BitwiseOrFunctorIbEEEESt5arrayIPcLm3EEEEviT0_T1_,200,13.08,2615.475
_ZN2at6native29vectorized_elementwise_kernelILi4EZZZNS0_44_GLOBAL__N__50c743a2_11_Indexing_cu_89862edb18masked_fill_kernelERNS_14TensorIteratorERKN3c106ScalarEENKUlvE_clEvENKUlvE5_clEvEUlfbE_St5arrayIPcLm3EEEEviT0_T1_,200,12.95,2589.595
_ZN2at6native29vectorized_elementwise_kernelILi2ENS0_13BinaryFunctorIlllNS0_15binary_internal10MulFunctorIlEEEESt5arrayIPcLm3EEEEviT0_T1_,200,12.44,2487.548
_ZN2at6native29vectorized_elementwise_kernelILi4ENS0_13AUnaryFunctorIllbNS0_51_GLOBAL__N__28ce311f_18_CompareEQKernel_cu_d8008c9616CompareEqFunctorIlEEEESt5arrayIPcLm2EEEEviT0_T1_,200,11.78,2356.444
_ZN2at6native29vectorized_elementwise_kernelILi4EZNS0_23bitwise_not_kernel_cudaERNS_18TensorIteratorBaseEEUlbE_St5arrayIPcLm2EEEEviT0_T1_,200,11.21,2242.67
_ZN2at6native25_assert_async_cuda_kernelIbEEvPKT_NS0_3MsgE,200,10.79,2158.932
_ZN2at6native18elementwise_kernelILi128ELi4EZNS0_22gpu_kernel_impl_nocastINS0_15CUDAFunctor_addIN3c104HalfEEEEEvRNS_18TensorIteratorBaseERKT_EUliE_EEviT1_,160,12.58,2012.21
_ZN2at6native40_GLOBAL__N__0f1a8107_8_Shape_cu_49f7391c35CatArrayBatchedCopy_alignedK_contigINS1_10OpaqueTypeILj8EEEjLi2ELi128ELi1ELi16EEEvPT_NS1_25CatArrInputTensorMetadataIS5_T0_XT2_EXT3_EEENS1_16TensorSizeStrideIS8_Lj4EEEiS8_,200,9.54,1907.214
_ZN2at6native29vectorized_elementwise_kernelILi4EZNS0_21compare_scalar_kernelIlEEvRNS_18TensorIteratorBaseENS0_50_GLOBAL__N__e50ef81d_17_CompareKernels_cu_8f1b29aa6OpTypeET_EUllE_St5arrayIPcLm2EEEEviT0_T1_,105,16.83,1767.458
_ZN2at6native29vectorized_elementwise_kernelILi2ENS0_21CUDAFunctorOnSelf_addIlEESt5arrayIPcLm2EEEEviT0_T1_,205,8.55,1753.29
_ZN14at_cuda_detail3cub21DeviceScanByKeyKernelINS0_21DeviceScanByKeyPolicyINS0_22TransformInputIteratorIjN2at6native6mbtopk13BlockIdxToKeyENS0_21CountingInputIteratorIjjEElEEjjN4cuda3std3__44plusIvEEE9Policy900ESA_PjSI_NS0_24ReduceByKeyScanTileStateIjiLb1EEENSD_8equal_toIvEESF_NS0_8NullTypeEijjEEvT0_PT9_T1_T2_T3_iT4_T5_T6_T7_,200,8.51,1702.157
_ZN2at6native34_scatter_gather_elementwise_kernelILi128ELi8EZNS0_36_cuda_scatter_gather_internal_kernelILb1ENS0_10OpaqueTypeILi1EEElEclINS0_12TensorAssignEEEvRNS_14TensorIteratorElllRKT_EUliE_EEviT1_,100,16.77,1677.002
_ZN2at6native13reduce_kernelILi512ELi1ENS0_8ReduceOpIlNS0_14func_wrapper_tIlNS0_13MaxNanFunctorIlEEEEjlLi4ELi4EEEEEvT1_,100,16.27,1626.709
_ZN2at6native24index_elementwise_kernelILi128ELi4EZNS0_16gpu_index_kernelIZNS0_17index_kernel_implINS0_10OpaqueTypeILi8EEEEEvRNS_18TensorIteratorBaseEN3c108ArrayRefIlEESA_EUlPcPKclE_EEvS7_SA_SA_RKT_bEUliE_EEvlT1_,95,17.0,1614.989
_Z13gemmk1_kernelIifLi256ELi5ELb1ELb0ELb0ELb0E30cublasGemvTensorStridedBatchedIKfES2_S0_IfEfLi0EEv18cublasGemmk1ParamsIT0_T7_T8_T9_T10_N8biasTypeINS8_10value_typeES9_E4typeEE,95,16.81,1597.415
_ZN14at_cuda_detail3cub25DeviceScanByKeyInitKernelINS0_24ReduceByKeyScanTileStateIjiLb1EEENS0_22TransformInputIteratorIjN2at6native6mbtopk13BlockIdxToKeyENS0_21CountingInputIteratorIjjEElEEEEvT_T0_PNSt15iterator_traitsISD_E10value_typeEji,200,7.96,1591.795
_ZN8cublasLt19splitKreduce_kernelILi32ELi16Ei6__halfS1_fS1_Lb0ES1_S1_S1_Lb1ELb0ELb0ELb0EEEvNS_18cublasSplitKParamsIT4_EEPKT2_PKT8_PT7_PT3_PKS3_SG_PKT9_S7_PSH_PvlPS3_PiSM_SM_SG_SG_SG_SG_SG_,160,9.82,1570.806
_ZN2at6native27unrolled_elementwise_kernelIZZZNS0_23direct_copy_kernel_cudaERNS_18TensorIteratorBaseEENKUlvE1_clEvENKUlvE9_clEvEUlbE_St5arrayIPcLm2EELi4E23TrivialOffsetCalculatorILi1EjESB_NS0_6memory12LoadWithCastILi1EEENSC_13StoreWithCastILi1EEEEEviT_T0_T2_T3_T4_T5_,100,15.07,1507.326
_ZN2at6native46_GLOBAL__N__e17e1519_13_SortStable_cu_f7bb90a127fill_reverse_indices_kernelEPliNS_4cuda6detail10IntDividerIjEE,100,14.96,1495.607
_ZN2at6native29vectorized_elementwise_kernelILi2EZZZNS0_44_GLOBAL__N__50c743a2_11_Indexing_cu_89862edb18masked_fill_kernelERNS_14TensorIteratorERKN3c106ScalarEENKUlvE_clEvENKUlvE2_clEvEUllbE_St5arrayIPcLm3EEEEviT0_T1_,100,14.75,1474.609
_ZN2at6native27unrolled_elementwise_kernelINS0_11FillFunctorIbEESt5arrayIPcLm1EELi4E23TrivialOffsetCalculatorILi0EjES7_ILi1EjENS0_6memory15LoadWithoutCastENSA_16StoreWithoutCastEEEviT_T0_T2_T3_T4_T5_,100,14.64,1464.1109999999999
_ZN2at6native40_GLOBAL__N__0f1a8107_8_Shape_cu_49f7391c30CatArrayBatchedCopy_vectorizedINS1_10OpaqueTypeILj4EEEjLi3ELi128ELi1ELi16ELi4EEEvPcNS1_25CatArrInputTensorMetadataIT_T0_XT2_EXT3_EEENS1_16TensorSizeStrideIS8_Lj4EEEiS8_,95,15.31,1454.831
_ZN2at6native18radixSortKVInPlaceILin2ELin1ELi32ELi4EfljEEvNS_4cuda6detail10TensorInfoIT3_T5_EES6_S6_S6_NS4_IT4_S6_EES6_b,100,14.45,1445.064
_ZN14at_cuda_detail3cub30DeviceRadixSortHistogramKernelINS0_21DeviceRadixSortPolicyIfN2at4cuda3cub6detail10OpaqueTypeILi8EEEyE9Policy900ELb0EfyNS0_6detail21identity_decomposer_tEEEvPT2_PKT1_SD_iiT3_,100,14.12,1411.622
_ZN2at6native27unrolled_elementwise_kernelINS0_13BinaryFunctorIlllNS0_17BitwiseAndFunctorIlEEEESt5arrayIPcLm3EELi4E23TrivialOffsetCalculatorILi2EjES9_ILi1EjENS0_6memory12LoadWithCastILi2EEENSC_13StoreWithCastILi1EEEEEviT_T0_T2_T3_T4_T5_,100,13.84,1383.785
_ZN2at6native29vectorized_elementwise_kernelILi4EZZZNS0_15sin_kernel_cudaERNS_18TensorIteratorBaseEENKUlvE0_clEvENKUlvE0_clEvEUlfE_St5arrayIPcLm2EEEEviT0_T1_,100,13.64,1364.374
_ZN2at6native65_GLOBAL__N__28278f10_32_DistributionExponentialKernel_cu_5881736643distribution_elementwise_grid_stride_kernelIfLi4EZNS0_9templates4cuda21uniform_and_transformIffPNS_17CUDAGeneratorImplEZZZNS4_18exponential_kernelIS7_EEvRNS_18TensorIteratorBaseEdT_ENKUlvE_clEvENKUlvE0_clEvEUlfE_EEvSA_T1_T2_EUlP24curandStatePhilox4_32_10E0_ZNS1_27distribution_nullary_kernelIff6float4S7_SJ_SE_EEvSA_SG_RKT3_T4_EUlifE_EEvlNS_15PhiloxCudaStateESF_SG_,100,13.3,1329.834
_ZN2at6native29vectorized_elementwise_kernelILi4ENS0_13BinaryFunctorIbbbNS0_17BitwiseAndFunctorIbEEEESt5arrayIPcLm3EEEEviT0_T1_,100,13.15,1315.187
_ZN2at6native29vectorized_elementwise_kernelILi4ENS0_13AUnaryFunctorIffbNS0_51_GLOBAL__N__28ce311f_18_CompareEQKernel_cu_d8008c9616CompareEqFunctorIfEEEESt5arrayIPcLm2EEEEviT0_T1_,100,13.06,1305.912
_ZN2at6native29vectorized_elementwise_kernelILi2ENS0_22CUDAFunctorOnOther_addIlEESt5arrayIPcLm2EEEEviT0_T1_,100,12.83,1283.45
_ZN2at6native18elementwise_kernelILi128ELi4EZNS0_22gpu_kernel_impl_nocastINS0_50_GLOBAL__N__e50ef81d_17_CompareKernels_cu_8f1b29aa14CompareFunctorIfEEEEvRNS_18TensorIteratorBaseERKT_EUliE_EEviT1_,100,12.64,1263.923
_ZN2at6native29vectorized_elementwise_kernelILi4EZZZNS0_15cos_kernel_cudaERNS_18TensorIteratorBaseEENKUlvE0_clEvENKUlvE0_clEvEUlfE_St5arrayIPcLm2EEEEviT0_T1_,100,12.53,1252.685
_ZN14at_cuda_detail3cub16DeviceScanKernelINS0_16DeviceScanPolicyIlSt4plusIlEE9Policy900EPKlPlNS0_13ScanTileStateIlLb1EEES4_NS0_8NullTypeEilEEvT0_T1_T2_iT3_T4_T5_,105,11.84,1243.532
_ZN2at6native6mbtopk10gatherTopKIfjLi1EEEvNS_4cuda6detail10TensorInfoIKT_T0_EES8_S8_bjS8_NS5_IS6_S8_EES8_NS5_IlS8_EES8_jjPS6_PjSD_j,100,12.42,1242.433
_Z16gemmSN_TN_kernelIfLi128ELi16ELi2ELi4ELi10ELi11ELb0E30cublasGemvTensorStridedBatchedIKfES2_S0_IfEEv22cublasGemmSmallNParamsIT7_T8_T9_T_E,80,15.48,1238.528
_ZN2at6native29vectorized_elementwise_kernelILi4ENS0_13BinaryFunctorIfffNS0_15binary_internal10DivFunctorIfEEEESt5arrayIPcLm3EEEEviT0_T1_,100,11.5,1149.659
_Z16gemmSN_NN_kernelIfLi256ELi4ELi2ELi8ELi5ELi4ELb0E30cublasGemvTensorStridedBatchedIKfES2_S0_IfEEv22cublasGemmSmallNParamsIT7_T8_T9_T_E,80,13.74,1099.374
_ZN2at6native18elementwise_kernelILi128ELi2EZNS0_22gpu_kernel_impl_nocastINS0_15CUDAFunctor_addIfEEEEvRNS_18TensorIteratorBaseERKT_EUliE_EEviT1_,80,13.64,1091.551
_ZN2at6native29vectorized_elementwise_kernelILi2ENS0_15CUDAFunctor_addIlEESt5arrayIPcLm3EEEEviT0_T1_,100,10.83,1083.491
_ZN14at_cuda_detail3cub33DeviceRadixSortExclusiveSumKernelINS0_21DeviceRadixSortPolicyIfN2at4cuda3cub6detail10OpaqueTypeILi8EEEyE9Policy900EyEEvPT0_,100,10.15,1014.654
_ZN2at6native16triu_tril_kernelIbiLb0ELi8ELb0EEEvNS_4cuda6detail10TensorInfoIT_T0_EENS4_IKS5_S6_EEllS6_,80,12.37,989.262
_ZN14at_cuda_detail3cub16DeviceScanKernelINS0_16DeviceScanPolicyIfSt4plusIfEE9Policy900EPKfPfNS0_13ScanTileStateIfLb1EEES4_NS0_8NullTypeEifEEvT0_T1_T2_iT3_T4_T5_,100,9.8,979.735
_ZN2at6native6mbtopk25computeBlockwiseKthCountsIjEEvPT_PsjjPj,100,8.91,890.874
_ZN2at6native27unrolled_elementwise_kernelINS0_13BinaryFunctorIllbNS0_51_GLOBAL__N__28ce311f_18_CompareEQKernel_cu_d8008c9616CompareEqFunctorIlEEEESt5arrayIPcLm3EELi4E23TrivialOffsetCalculatorILi2EjESA_ILi1EjENS0_6memory15LoadWithoutCastENSD_16StoreWithoutCastEEEviT_T0_T2_T3_T4_T5_,50,11.89,594.727
_ZN2at6native6mbtopk4fillIjjEEvPT_S3_T0_,100,5.61,560.544
_ZN2at6native29vectorized_elementwise_kernelILi2ENS0_11FillFunctorIlEESt5arrayIPcLm1EEEEviT0_T1_,110,5.03,553.225
_ZN2at6native29vectorized_elementwise_kernelILi4ENS0_13BUnaryFunctorIfffNS0_15binary_internal10MulFunctorIfEEEESt5arrayIPcLm2EEEEviT0_T1_,100,5.42,541.751
_ZN14at_cuda_detail3cub20DeviceScanInitKernelINS0_13ScanTileStateIfLb1EEEEEvT_i,100,5.37,537.356
_ZN2at6native29vectorized_elementwise_kernelILi4ENS0_13BinaryFunctorIllbNS0_51_GLOBAL__N__28ce311f_18_CompareEQKernel_cu_d8008c9616CompareEqFunctorIlEEEESt5arrayIPcLm3EEEEviT0_T1_,30,13.68,410.401
_ZN2at6native29vectorized_elementwise_kernelILi2ENS0_13BinaryFunctorIllbNS0_51_GLOBAL__N__28ce311f_18_CompareEQKernel_cu_d8008c9616CompareEqFunctorIlEEEESt5arrayIPcLm3EEEEviT0_T1_,25,12.82,320.557
_Z13gemmk1_kernelIifLi256ELi5ELb0ELb0ELb0ELb0E30cublasGemvTensorStridedBatchedIKfES2_S0_IfEfLi0EEv18cublasGemmk1ParamsIT0_T7_T8_T9_T10_N8biasTypeINS8_10value_typeES9_E4typeEE,5,22.34,111.694
_ZN2at6native40_GLOBAL__N__0f1a8107_8_Shape_cu_49f7391c19CatArrayBatchedCopyINS1_10OpaqueTypeILj4EEEjLi3ELi64ELi64EEEvPT_NS1_25CatArrInputTensorMetadataIS5_T0_XT2_EXT3_EEENS1_16TensorSizeStrideIS8_Lj4EEEiS8_,5,21.14,105.714
